year,goal,holdings,oi,coi,cap
AIG,0.2,0.373105327,0,0,45.97
BAC,0.1,0.096553355,0,0,45.97
GS,0.2,0.219497875,0,0,45.97
JPM,0.1,0.097091817,0,0,45.97
MS,0.2,0.299448217,0,0,45.97
